state,dimension,avg_sentiment,mentions_count,videos_analyzed,comments_analyzed
Chihuahua,Income,-0.46102055279943305,1411,300,10811
Chihuahua,Access To Health Services,-0.31261101243339257,563,300,10811
Chihuahua,Educational Lag,-0.1254071661237785,2763,300,10811
Chihuahua,Access To Social Security,-0.3829787234042553,564,300,10811
Chihuahua,Housing,-0.33190578158458245,934,300,10811
Chihuahua,Access To Food,-0.24774774774774774,222,300,10811
Chihuahua,Social Cohesion,-0.034482758620689655,957,300,10811
