state,dimension,avg_sentiment,mentions_count,videos_analyzed,comments_analyzed
Colima,Income,-0.4295774647887324,1775,300,21324
Colima,Access To Health Services,-0.3138586956521739,1472,300,21324
Colima,Educational Lag,-0.15391459074733096,5620,300,21324
Colima,Access To Social Security,-0.37305699481865284,1158,300,21324
Colima,Housing,-0.34311424100156496,1278,300,21324
Colima,Access To Food,-0.242152466367713,446,300,21324
Colima,Social Cohesion,-0.017124831004957188,2219,300,21324
