state,dimension,avg_sentiment,mentions_count,videos_analyzed,comments_analyzed
Hidalgo,Income,-0.46079613992762364,829,300,8341
Hidalgo,Access To Health Services,-0.23828125,384,300,8341
Hidalgo,Educational Lag,-0.11269146608315099,2285,300,8341
Hidalgo,Access To Social Security,-0.4063745019920319,502,300,8341
Hidalgo,Housing,-0.3228454172366621,731,300,8341
Hidalgo,Access To Food,-0.17620481927710843,332,300,8341
Hidalgo,Social Cohesion,0.08637873754152824,903,300,8341
