state,dimension,avg_sentiment,mentions_count,videos_analyzed,comments_analyzed
Jalisco,Income,-0.31223628691983124,237,300,2075
Jalisco,Access To Health Services,-0.25132275132275134,189,300,2075
Jalisco,Educational Lag,-0.19060283687943264,564,300,2075
Jalisco,Access To Social Security,-0.2109375,128,300,2075
Jalisco,Housing,-0.42857142857142855,126,300,2075
Jalisco,Access To Food,-0.0945945945945946,37,300,2075
Jalisco,Social Cohesion,-0.06323529411764706,340,300,2075
