state,dimension,avg_sentiment,mentions_count,videos_analyzed,comments_analyzed
Nuevo León,Income,-0.43769968051118213,1252,300,12744
Nuevo León,Access To Health Services,-0.3029953917050691,868,300,12744
Nuevo León,Educational Lag,-0.13058782118972193,2841,300,12744
Nuevo León,Access To Social Security,-0.419953596287703,431,300,12744
Nuevo León,Housing,-0.3945344129554656,2470,300,12744
Nuevo León,Access To Food,-0.4028169014084507,355,300,12744
Nuevo León,Social Cohesion,-0.07505686125852919,1319,300,12744
