state,dimension,avg_sentiment,mentions_count,videos_analyzed,comments_analyzed
Tlaxcala,Income,-0.4948418156808803,1454,300,15919
Tlaxcala,Access To Health Services,-0.36699729486023447,1109,300,15919
Tlaxcala,Educational Lag,-0.1386465767909067,3783,300,15919
Tlaxcala,Access To Social Security,-0.35435056746532156,793,300,15919
Tlaxcala,Housing,-0.35108583247156155,967,300,15919
Tlaxcala,Access To Food,-0.3006872852233677,291,300,15919
Tlaxcala,Social Cohesion,-0.08125,2160,300,15919
