state,dimension,avg_sentiment,mentions_count,videos_analyzed,comments_analyzed
Veracruz,Income,-0.5116154873164219,3745,300,28839
Veracruz,Access To Health Services,-0.36420765027322405,1830,300,28839
Veracruz,Educational Lag,-0.11355017502917153,6856,300,28839
Veracruz,Access To Social Security,-0.4304301646309081,1883,300,28839
Veracruz,Housing,-0.3953838434520823,1993,300,28839
Veracruz,Access To Food,-0.30639097744360905,798,300,28839
Veracruz,Social Cohesion,-0.02281570569508313,2827,300,28839
