state,dimension,avg_sentiment,mentions_count,videos_analyzed,comments_analyzed
Yucatán,Income,-0.45359019264448336,571,300,6263
Yucatán,Access To Health Services,-0.28763440860215056,372,300,6263
Yucatán,Educational Lag,-0.04054054054054054,1702,300,6263
Yucatán,Access To Social Security,-0.2760989010989011,364,300,6263
Yucatán,Housing,-0.33790523690773067,802,300,6263
Yucatán,Access To Food,-0.06390977443609022,133,300,6263
Yucatán,Social Cohesion,0.11001788908765653,559,300,6263
