dimension,avg_sentiment
Income,-0.39057239057239057
Access To Health Services,-0.41854150504266874
Educational Lag,0.09745425616547335
Access To Social Security,-0.4396551724137931
Housing,-0.055135475740390676
Access To Food,0.04130702836004932
Social Cohesion,0.04968454258675079
