state,dimension,avg_sentiment,mentions_count,videos_analyzed,comments_analyzed
Tamaulipas,Income,-0.3822952961672474,4592,300,11686
Tamaulipas,Access To Health Services,-0.3003384094754653,591,300,11686
Tamaulipas,Educational Lag,-0.048749361919346604,1959,300,11686
Tamaulipas,Access To Social Security,-0.2971014492753623,414,300,11686
Tamaulipas,Housing,-0.5103686635944701,434,300,11686
Tamaulipas,Access To Food,-0.4056372549019608,816,300,11686
Tamaulipas,Social Cohesion,-0.09171143514965464,1303,300,11686
