state,dimension,avg_sentiment,mentions_count,videos_analyzed,comments_analyzed
Chiapas,Income,-0.3595737913486005,3144,300,9613
Chiapas,Access To Health Services,-0.455015923566879,1256,300,9613
Chiapas,Educational Lag,-0.16555612506406972,1951,300,9613
Chiapas,Access To Social Security,-0.2921146953405018,279,300,9613
Chiapas,Housing,-0.5199579831932774,476,300,9613
Chiapas,Access To Food,-0.359375,544,300,9613
Chiapas,Social Cohesion,-0.17337602927721865,1093,300,9613
