state,dimension,avg_sentiment,mentions_count,percentage_of_total,videos_analyzed,comments_analyzed
Baja California Sur,Income,-0.22454672245467225,717,31.4611671785871,300,2082
Baja California Sur,Access To Health Services,-0.06923076923076923,195,8.556384379113647,300,2082
Baja California Sur,Educational Lag,0.22549019607843138,408,17.902588854760857,300,2082
Baja California Sur,Access To Social Security,-0.18333333333333332,60,2.632733655111891,300,2082
Baja California Sur,Housing,-0.45569620253164556,237,10.399297937691971,300,2082
Baja California Sur,Access To Food,-0.5062240663900415,241,10.57481351469943,300,2082
Baja California Sur,Social Cohesion,0.22362869198312235,237,10.399297937691971,300,2082
Baja California Sur,Other,-0.5652173913043478,184,8.073716542343133,300,2082
