state,dimension,avg_sentiment,mentions_count,percentage_of_total,videos_analyzed,comments_analyzed
Chiapas,Income,-0.29443951493640935,3381,33.13406507252058,300,10318
Chiapas,Access To Health Services,-0.44662713120830244,1349,13.220305762446099,300,10318
Chiapas,Educational Lag,-0.1600189933523267,2106,20.638965111720893,300,10318
Chiapas,Access To Social Security,-0.3517857142857143,280,2.7440219521756175,300,10318
Chiapas,Housing,-0.5235042735042735,468,4.586436691493532,300,10318
Chiapas,Access To Food,-0.3867595818815331,574,5.625245001960016,300,10318
Chiapas,Social Cohesion,-0.15570776255707763,1095,10.731085848686789,300,10318
Chiapas,Other,-0.6167192429022083,951,9.31987455899647,300,10318
