state,dimension,avg_sentiment,mentions_count,percentage_of_total,videos_analyzed,comments_analyzed
Chihuahua,Income,-0.48160247592847316,2908,32.725635831645285,300,8839
Chihuahua,Access To Health Services,-0.3949096880131363,609,6.853477380148548,300,8839
Chihuahua,Educational Lag,-0.2399232245681382,1563,17.58946657663741,300,8839
Chihuahua,Access To Social Security,-0.47398843930635837,346,3.8937654737789784,300,8839
Chihuahua,Housing,-0.7279596977329975,794,8.935404006302049,300,8839
Chihuahua,Access To Food,-0.5535444947209653,663,7.461174881836596,300,8839
Chihuahua,Social Cohesion,-0.21331828442437922,886,9.970740490659464,300,8839
Chihuahua,Other,-0.6374216651745748,1117,12.570335358991672,300,8839
