state,dimension,avg_sentiment,mentions_count,percentage_of_total,videos_analyzed,comments_analyzed
Ciudad de México,Income,-0.5106285504856148,5457,32.51504498599774,300,16955
Ciudad de México,Access To Health Services,-0.5311411149825784,2296,13.680510039921348,300,16955
Ciudad de México,Educational Lag,-0.267620232172471,2412,14.371685634272776,300,16955
Ciudad de México,Access To Social Security,-0.5210526315789473,285,1.6981469343979025,300,16955
Ciudad de México,Housing,-0.6085271317829457,1290,7.686349282011559,300,16955
Ciudad de México,Access To Food,-0.5954545454545455,1650,9.831376988619436,300,16955
Ciudad de México,Social Cohesion,-0.3106151990349819,1658,9.8790442709885,300,16955
Ciudad de México,Other,-0.6296829971181557,1735,10.337841863790741,300,16955
