state,dimension,avg_sentiment,mentions_count,percentage_of_total,videos_analyzed,comments_analyzed
Colima,Income,-0.41904344010530936,2279,37.21423905943828,300,6040
Colima,Access To Health Services,-0.4781659388646288,458,7.478772044415415,300,6040
Colima,Educational Lag,-0.0647419072615923,1143,18.664271717831483,300,6040
Colima,Access To Social Security,-0.37037037037037035,216,3.5271064663618548,300,6040
Colima,Housing,-0.4186046511627907,387,6.31939908556499,300,6040
Colima,Access To Food,-0.2896551724137931,435,7.103200522534291,300,6040
Colima,Social Cohesion,0.016493055555555556,576,9.405617243631612,300,6040
Colima,Other,-0.6103174603174604,630,10.287393860222076,300,6040
