state,dimension,avg_sentiment,mentions_count,percentage_of_total,videos_analyzed,comments_analyzed
Durango,Income,-0.2855466130114017,2982,29.513064133016627,300,10430
Durango,Access To Health Services,-0.4232081911262799,1172,11.599366587490103,300,10430
Durango,Educational Lag,0.08417910447761194,1675,16.57759303246239,300,10430
Durango,Access To Social Security,-0.4142857142857143,245,2.424782264449723,300,10430
Durango,Housing,-0.23240469208211142,682,6.749802058590657,300,10430
Durango,Access To Food,-0.2355021216407355,707,6.997228820269201,300,10430
Durango,Social Cohesion,0.08742331288343558,978,9.679334916864608,300,10430
Durango,Other,-0.3280216476247745,1663,16.458828186856692,300,10430
