state,dimension,avg_sentiment,mentions_count,percentage_of_total,videos_analyzed,comments_analyzed
Nuevo León,Income,-0.37177121771217714,1626,31.67738164815897,300,5006
Nuevo León,Access To Health Services,-0.4904632152588556,734,14.299629846093904,300,5006
Nuevo León,Educational Lag,-0.14149947201689547,947,18.44924995129554,300,5006
Nuevo León,Access To Social Security,-0.3008474576271186,118,2.2988505747126435,300,5006
Nuevo León,Housing,-0.5866141732283464,381,7.422559906487434,300,5006
Nuevo León,Access To Food,-0.49534883720930234,430,8.377167348529126,300,5006
Nuevo León,Social Cohesion,-0.11178247734138973,331,6.44847067991428,300,5006
Nuevo León,Other,-0.5901060070671378,566,11.026690044808104,300,5006
