state,dimension,avg_sentiment,mentions_count,percentage_of_total,videos_analyzed,comments_analyzed
Oaxaca,Income,-0.37926675094816686,3955,34.04200378722672,300,11846
Oaxaca,Access To Health Services,-0.42451820128479656,934,8.039249440523326,300,11846
Oaxaca,Educational Lag,-0.08956310679611651,2060,17.731106903081425,300,11846
Oaxaca,Access To Social Security,-0.40268456375838924,298,2.564985367533138,300,11846
Oaxaca,Housing,-0.542741935483871,620,5.336546737820623,300,11846
Oaxaca,Access To Food,-0.4160839160839161,1144,9.846789464623859,300,11846
Oaxaca,Social Cohesion,0.061258278145695365,1208,10.397658805302118,300,11846
Oaxaca,Other,-0.5982844889206577,1399,12.041659493888792,300,11846
