state,dimension,avg_sentiment,mentions_count,percentage_of_total,videos_analyzed,comments_analyzed
Sinaloa,Income,-0.4195780399274047,4408,38.06891786855514,300,11894
Sinaloa,Access To Health Services,-0.4353099730458221,1113,9.612229035322567,300,11894
Sinaloa,Educational Lag,-0.09381443298969072,1940,16.754469297866827,300,11894
Sinaloa,Access To Social Security,-0.403921568627451,255,2.2022627169876503,300,11894
Sinaloa,Housing,-0.4659498207885305,279,2.4095345021158994,300,11894
Sinaloa,Access To Food,-0.34029227557411273,958,8.273598756369289,300,11894
Sinaloa,Social Cohesion,-0.032426778242677826,956,8.2563261076086,300,11894
Sinaloa,Other,-0.5760479041916168,1670,14.422661715174023,300,11894
