state,dimension,avg_sentiment,mentions_count,videos_analyzed,comments_analyzed
Sinaloa,Income,-0.42822966507177035,5016,300,13493
Sinaloa,Access To Health Services,-0.43875685557586835,1094,300,13493
Sinaloa,Educational Lag,-0.06675335934113567,2307,300,13493
Sinaloa,Access To Social Security,-0.41948051948051945,385,300,13493
Sinaloa,Housing,-0.5094086021505376,372,300,13493
Sinaloa,Access To Food,-0.3351235230934479,931,300,13493
Sinaloa,Social Cohesion,-0.010801080108010801,1111,300,13493
