state,dimension,avg_sentiment,mentions_count,percentage_of_total,videos_analyzed,comments_analyzed
Sonora,Income,-0.20101500441306266,2266,34.43768996960486,300,6845
Sonora,Access To Health Services,-0.3474747474747475,495,7.522796352583587,300,6845
Sonora,Educational Lag,-0.005878284923928077,1446,21.975683890577507,300,6845
Sonora,Access To Social Security,-0.3888888888888889,216,3.2826747720364744,300,6845
Sonora,Housing,-0.45229007633587787,262,3.9817629179331306,300,6845
Sonora,Access To Food,-0.21682464454976302,422,6.4133738601823715,300,6845
Sonora,Social Cohesion,0.03798449612403101,645,9.80243161094225,300,6845
Sonora,Other,-0.3164251207729469,828,12.583586626139818,300,6845
