state,dimension,avg_sentiment,mentions_count,percentage_of_total,videos_analyzed,comments_analyzed
Veracruz,Income,-0.43241748109902267,5423,37.55540166204986,300,14779
Veracruz,Access To Health Services,-0.4175424413904608,1237,8.566481994459833,300,14779
Veracruz,Educational Lag,-0.08349074423876086,2647,18.331024930747922,300,14779
Veracruz,Access To Social Security,-0.5544662309368191,459,3.1786703601108033,300,14779
Veracruz,Housing,-0.5292682926829269,615,4.259002770083103,300,14779
Veracruz,Access To Food,-0.4195121951219512,1025,7.098337950138505,300,14779
Veracruz,Social Cohesion,-0.07791279485346676,1399,9.688365650969528,300,14779
Veracruz,Other,-0.6308868501529052,1635,11.322714681440443,300,14779
