state,dimension,avg_sentiment,mentions_count,videos_analyzed,comments_analyzed
Tabasco,Income,-0.21247632575757575,4224,300,10214
Tabasco,Access To Health Services,-0.22413793103448276,551,300,10214
Tabasco,Educational Lag,0.09976998274870616,1739,300,10214
Tabasco,Access To Social Security,-0.16942148760330578,242,300,10214
Tabasco,Housing,-0.5106571936056838,563,300,10214
Tabasco,Access To Food,-0.3395802098950525,667,300,10214
Tabasco,Social Cohesion,0.18315665488810365,849,300,10214
