state,dimension,word_count,comments_count,avg_sentiment,normalized_keyword_count,normalized_comments_count
Baja California,INCOME,430,367,-0.5912806539509536,1.0,1.0
Baja California,ACCESS TO HEALTH SERVICES,64,57,-0.5701754385964912,0.14883720930232558,0.1553133514986376
Baja California,EDUCATIONAL LAG,6,6,-0.75,0.013953488372093023,0.01634877384196185
Baja California,ACCESS TO SOCIAL SECURITY,19,16,-0.5625,0.044186046511627906,0.043596730245231606
Baja California,HOUSING,35,30,-0.5166666666666667,0.08139534883720931,0.08174386920980926
Baja California,ACCESS TO FOOD,100,93,-0.6236559139784946,0.23255813953488372,0.25340599455040874
Baja California,SOCIAL COHESION,72,66,-0.5303030303030303,0.16744186046511628,0.17983651226158037
