state,dimension,avg_sentiment,mentions_count,percentage_of_total,videos_analyzed,comments_analyzed
Chiapas,Income,-0.45968010663112296,3001,34.98892386615366,300,9002
Chiapas,Access To Health Services,-0.33653846153846156,468,5.456453305351522,300,9002
Chiapas,Educational Lag,-0.06775343861436577,1963,22.886790253002214,300,9002
Chiapas,Access To Social Security,-0.468586387434555,191,2.2268858575259416,300,9002
Chiapas,Housing,-0.4251497005988024,501,5.84120321790836,300,9002
Chiapas,Access To Food,-0.37529411764705883,425,4.955112510201702,300,9002
Chiapas,Social Cohesion,-0.31432139883430477,1201,14.002564999417045,300,9002
Chiapas,Other,-0.6342200725513906,827,9.642065990439548,300,9002
