state,dimension,avg_sentiment,mentions_count,percentage_of_total,videos_analyzed,comments_analyzed
Colima,Income,-0.3333333333333333,4485,36.46637938043744,300,12675
Colima,Access To Health Services,-0.3736559139784946,930,7.5615903732010725,300,12675
Colima,Educational Lag,-0.08974923009238892,2273,18.481177331490365,300,12675
Colima,Access To Social Security,-0.3582089552238806,402,3.2685584193836896,300,12675
Colima,Housing,-0.569811320754717,530,4.309293438490934,300,12675
Colima,Access To Food,-0.36103896103896105,770,6.260671599317018,300,12675
Colima,Social Cohesion,-0.08084291187739463,1305,10.61061874949183,300,12675
Colima,Other,-0.618142144638404,1604,13.041710708187656,300,12675
