state,dimension,avg_sentiment,mentions_count,percentage_of_total,videos_analyzed,comments_analyzed
Estado de México,Income,-0.4271000965561635,3107,39.726377701061246,300,7825
Estado de México,Access To Health Services,-0.48623063683304646,581,7.4287175552998335,300,7825
Estado de México,Educational Lag,-0.11662817551963048,1299,16.609129267357115,300,7825
Estado de México,Access To Social Security,-0.29,200,2.557217747091165,300,7825
Estado de México,Housing,-0.5650759219088937,461,5.894386907045135,300,7825
Estado de México,Access To Food,-0.3815789473684211,532,6.802199207262498,300,7825
Estado de México,Social Cohesion,-0.1603658536585366,820,10.484592763073776,300,7825
Estado de México,Other,-0.5828258221680876,821,10.497378851809232,300,7825
