state,dimension,avg_sentiment,mentions_count,percentage_of_total,videos_analyzed,comments_analyzed
Sinaloa,Income,-0.3912357368293275,4119,38.90988097487247,300,11108
Sinaloa,Access To Health Services,-0.36676646706586824,668,6.310221046665407,300,11108
Sinaloa,Educational Lag,-0.07202447163515016,1798,16.984696769317967,300,11108
Sinaloa,Access To Social Security,-0.21228070175438596,285,2.692235027394672,300,11108
Sinaloa,Housing,-0.4581850533807829,562,5.308898545248441,300,11108
Sinaloa,Access To Food,-0.31452859350850076,647,6.111845834120536,300,11108
Sinaloa,Social Cohesion,-0.0745658835546476,979,9.248063480068014,300,11108
Sinaloa,Other,-0.5579188481675392,1528,14.434158322312488,300,11108
