state,dimension,avg_sentiment,mentions_count,percentage_of_total,videos_analyzed,comments_analyzed
Sonora,Income,-0.2655010814708003,2774,34.71405330997372,300,8216
Sonora,Access To Health Services,-0.33256880733944955,436,5.456138155424853,300,8216
Sonora,Educational Lag,0.052406064601186554,1517,18.98385683894381,300,8216
Sonora,Access To Social Security,0.12432432432432433,370,4.630208985108246,300,8216
Sonora,Housing,-0.4427083333333333,288,3.6040545613815542,300,8216
Sonora,Access To Food,-0.36622807017543857,456,5.70641972218746,300,8216
Sonora,Social Cohesion,0.08618654073199528,847,10.599424352396445,300,8216
Sonora,Other,-0.5072908672294705,1303,16.305844074583906,300,8216
