state,dimension,avg_sentiment,mentions_count,videos_analyzed,comments_analyzed
Sonora,Income,-0.22693940563489,2591,300,7356
Sonora,Access To Health Services,-0.2996632996632997,297,300,7356
Sonora,Educational Lag,0.08784258608573436,1423,300,7356
Sonora,Access To Social Security,0.07037037037037037,270,300,7356
Sonora,Housing,-0.33490566037735847,424,300,7356
Sonora,Access To Food,-0.2761363636363636,440,300,7356
Sonora,Social Cohesion,0.10144927536231885,759,300,7356
