state,dimension,avg_sentiment,mentions_count,percentage_of_total,videos_analyzed,comments_analyzed
Veracruz,Income,-0.33736702127659574,3760,37.72827613887216,300,10213
Veracruz,Access To Health Services,-0.35738831615120276,582,5.839855508729681,300,10213
Veracruz,Educational Lag,-0.047533401849948614,1946,19.526389725065222,300,10213
Veracruz,Access To Social Security,-0.35555555555555557,225,2.2576760987357014,300,10213
Veracruz,Housing,-0.4731663685152057,559,5.60907084085892,300,10213
Veracruz,Access To Food,-0.32147937411095306,703,7.053983544049769,300,10213
Veracruz,Social Cohesion,-0.08719052744886975,929,9.321693758779851,300,10213
Veracruz,Other,-0.5281299524564184,1262,12.66305438490869,300,10213
