state,dimension,avg_sentiment,mentions_count,percentage_of_total,videos_analyzed,comments_analyzed
Yucatán,Income,-0.2620405576679341,1578,30.742255990648744,300,5027
Yucatán,Access To Health Services,-0.40728476821192056,302,5.883498928501851,300,5027
Yucatán,Educational Lag,0.03343621399176955,972,18.936294564582116,300,5027
Yucatán,Access To Social Security,-0.42857142857142855,126,2.4547048509643483,300,5027
Yucatán,Housing,-0.6044776119402985,737,14.358075199688292,300,5027
Yucatán,Access To Food,-0.3411214953271028,321,6.253652834599649,300,5027
Yucatán,Social Cohesion,-0.05268199233716475,522,10.16949152542373,300,5027
Yucatán,Other,-0.6165217391304347,575,11.20202610559127,300,5027
