dimension,avg_sentiment,comments_count
Income,0.1875,16
Access To Health Services,-0.13592233009708737,103
Educational Lag,0.2698412698412698,126
Access To Social Security,-0.019230769230769232,312
Housing,0.11627906976744186,43
Access To Food,-0.06363636363636363,55
Social Cohesion,0.4306930693069307,101
