dimension,avg_sentiment
Income,0.0136986301369863
Access To Health Services,-0.31551724137931036
Educational Lag,0.304552590266876
Access To Social Security,-0.3693181818181818
Housing,0.16304347826086957
Access To Food,-0.02556818181818182
Social Cohesion,0.09497206703910614
