dimension,avg_sentiment
Income,-0.4142857142857143
Access To Health Services,-0.43731563421828906
Educational Lag,0.08031368307193078
Access To Social Security,-0.6661290322580645
Housing,0.02717391304347826
Access To Food,-0.2455708661417323
Social Cohesion,-0.3793645251396648
